id;utilisateur_id;nom;prenom;adresse_email;avatar;date_inscription;valid_profil;activate_profil;genre;password
1;98665;Wooden Dynamic;Gorgeous;Bedfordshire Pants;Jewelery project;2022-03-03T05:22:44;false;true;Grocery Movies Avon;value-added
2;21477;dynamic Branding firewall;cyan Shoes;Shilling calculating;copying;2022-03-02T16:51:53;true;true;Response;Oval withdrawal
3;17694;viral;Dollar;Clothing out-of-the-box;Keyboard;2022-03-02T14:55:49;true;true;Idaho invoice;Usability
4;94136;bandwidth Incredible;quantifying Hampshire;attitude-oriented Dakota;Product;2022-03-03T01:30:45;false;false;collaborative utilize sticky;framework Loan synthesizing
5;59859;Automotive Agent International;deposit;Adaptive Creek;discrete Chair;2022-03-03T13:08:58;true;true;THX Switzerland;Hawaii Cambridgeshire
6;43337;Books Berkshire initiatives;JSON Cross-platform Baby;USB systems 1080p;Berkshire Ergonomic;2022-03-03T00:37:00;true;true;Towels cross-platform Ball;Ergonomic
7;49797;scalable whiteboard;quantify Chair International;Table adapter;Wyoming Developer;2022-03-03T01:31:15;false;false;magnetic Steel yellow;Fantastic
8;5000;transmitting blockchains Paradigm;Tactics bottom-line;Research Small;uniform mint;2022-03-02T21:40:27;false;true;front-end;COM Gloves
9;79939;internet Nigeria;1080p Montserrat;deposit Plastic invoice;Mandatory Movies;2022-03-02T23:54:07;true;true;SDD;Plastic
10;58299;synthesize Producer Nebraska;back-end;index Garden;Loan ivory responsive;2022-03-03T10:09:00;false;true;connecting lime Lek;mint
